Keithley 6487, temperature 220 Ohm (liquidnitrogen temp), IV-curve with average sweep, 10 points per voltage, LED 20 uA, voltage step 0.1
 Sweep settings: Start voltage: 20 V, end voltage:  25 V, sweep points: 50.0, current limit: 0.0025 A
 U/V, I/A, R/Ohm
20,1.554547141e-10
20.1,3.1134899e-10
20.200000000000003,3.85573677e-10
20.300000000000004,3.0948736e-10
20.400000000000006,2.75993326e-10
20.500000000000007,3.0555983e-10
20.60000000000001,2.80335633e-10
20.70000000000001,3.6324405600000004e-10
20.80000000000001,4.0872939700000003e-10
20.900000000000013,5.5821325e-10
21.000000000000014,2.8910195999999997e-09
21.100000000000016,6.3907455000000015e-09
21.200000000000017,1.1121897e-08
21.30000000000002,1.6926722999999998e-08
21.40000000000002,2.3983442e-08
21.50000000000002,3.1484481000000004e-08
21.600000000000023,4.0601302000000004e-08
21.700000000000024,4.9296329e-08
21.800000000000026,5.9254223000000004e-08
21.900000000000027,6.9843311e-08
22.00000000000003,8.0447297e-08
22.10000000000003,9.177636699999998e-08
22.20000000000003,1.0362913999999999e-07
22.300000000000033,1.1577653000000001e-07
22.400000000000034,1.2771782e-07
22.500000000000036,1.4094984e-07
22.600000000000037,1.5383844e-07
22.70000000000004,1.6706757e-07
22.80000000000004,1.8088052999999998e-07
22.90000000000004,1.9408591000000003e-07
23.000000000000043,2.0821873999999998e-07
23.100000000000044,2.2269463e-07
23.200000000000045,2.3717643e-07
23.300000000000047,2.5151493000000005e-07
23.40000000000005,2.6606974999999994e-07
23.50000000000005,2.8193879e-07
23.60000000000005,2.9577885000000003e-07
23.700000000000053,3.123751e-07
23.800000000000054,3.2825241e-07
23.900000000000055,3.4387301000000003e-07
24.000000000000057,3.598161e-07
24.10000000000006,3.7657912999999997e-07
24.20000000000006,3.9235215e-07
24.30000000000006,4.0915176e-07
24.400000000000063,4.2634671e-07
24.500000000000064,4.4323403e-07
24.600000000000065,4.6133678e-07
24.700000000000067,4.7991808e-07
24.800000000000068,4.9758496e-07
24.90000000000007,5.154860200000001e-07
