Keithley 6487, temperature 15 K mixing chamber kOhm, IV-curve with average sweep from 25.5 V to 26.4 V, 10 points per voltage, LED Dark current (closed), voltage step 0.1 V
 Sweep settings: Start voltage: 25.5 V, end voltage:  26.4 V, sweep points: 8.999999999999986, current limit: 0.0025 A
 U/V, I/A, R/Ohm
25.5,4.070124e-08
25.6,4.1763286000000007e-08
25.700000000000003,4.4091616000000005e-08
25.800000000000004,4.0190639000000006e-08
25.900000000000006,4.0068099e-08
26.000000000000007,4.0108947999999995e-08
26.10000000000001,4.0149793e-08
26.20000000000001,4.872785500000001e-08
26.30000000000001,2.5002629e-07
