Keithley 6487, temperature 15 K mixing chamber kOhm, IV-curve with average sweep from 25 V to 25.8 V, 10 points per voltage, LED Dark current (closed), voltage step 0.1 V
 Sweep settings: Start voltage: 25 V, end voltage:  25.8 V, sweep points: 8.000000000000007, current limit: 0.0025 A
 U/V, I/A, R/Ohm
25,4.0435732e-08
25.1,3.9537078e-08
25.200000000000003,4.1375236e-08
25.300000000000004,3.7188320999999995e-08
25.400000000000006,3.9414534e-08
25.500000000000007,1.3073130000000001e-06
25.60000000000001,7.3270277e-06
25.70000000000001,3.0052138e-05
