Keithley 6487, temperature Room temp kOhm, IV-curve with average sweep from 23.5 V to 27 V, 5 points per voltage, LED dark current, voltage step 0.1 V
 Sweep settings: Start voltage: 23.5 V, end voltage:  27 V, sweep points: 35.0, current limit: 0.0025 A
 U/V, I/A, R/Ohm
23.5,1.4242645999999998e-09
23.6,1.0872671200000001e-09
23.700000000000003,1.09016124e-09
23.800000000000004,9.876148799999999e-10
23.900000000000006,1.535079884e-09
24.000000000000007,1.4011068000000002e-09
24.10000000000001,1.02647984e-09
24.20000000000001,1.56195642e-09
24.30000000000001,1.33453534e-09
24.400000000000013,1.0219353e-09
24.500000000000014,1.5160601999999999e-09
24.600000000000016,2.3442866e-09
24.700000000000017,5.5757372e-09
24.80000000000002,1.1053696e-08
24.90000000000002,1.8002867999999997e-08
25.00000000000002,2.6984352e-08
25.100000000000023,3.759915e-08
25.200000000000024,5.0207384e-08
25.300000000000026,6.327253200000001e-08
25.400000000000027,7.90721e-08
25.50000000000003,9.6120846e-08
25.60000000000003,1.1523785999999998e-07
25.70000000000003,1.3523652000000001e-07
25.800000000000033,1.5616466e-07
25.900000000000034,1.7938104e-07
26.000000000000036,2.034505e-07
26.100000000000037,2.2938976e-07
26.20000000000004,2.5635612e-07
26.30000000000004,2.8482388e-07
26.40000000000004,3.1599428000000003e-07
26.500000000000043,3.4660848000000005e-07
26.600000000000044,3.7902804e-07
26.700000000000045,4.1375019999999994e-07
26.800000000000047,4.5085014e-07
26.90000000000005,4.8719612e-07
