Keithley 6487, temperature Room temp kOhm, IV-curve with average sweep from 23.5 V to 27 V, 10 points per voltage, LED 100 uA, voltage step 0.1 V
 Sweep settings: Start voltage: 23.5 V, end voltage:  27 V, sweep points: 35.0, current limit: 0.0025 A
 U/V, I/A, R/Ohm
23.5,3.796439699999999e-08
23.6,3.7862275000000003e-08
23.700000000000003,3.8515841e-08
23.800000000000004,3.6616419e-08
23.900000000000006,3.8638385999999996e-08
24.000000000000007,4.0823747999999995e-08
24.10000000000001,4.0925861000000004e-08
24.20000000000001,4.115052999999999e-08
24.30000000000001,4.36014e-08
24.400000000000013,4.3826056e-08
24.500000000000014,6.864111e-08
24.600000000000016,3.3272228e-07
24.700000000000017,1.1072991000000003e-06
24.80000000000002,2.3089197e-06
24.90000000000002,3.9100117e-06
25.00000000000002,5.9108194e-06
25.100000000000023,8.2052209e-06
25.200000000000024,1.0861207999999999e-05
25.300000000000026,1.3791408e-05
25.400000000000027,1.6999183e-05
25.50000000000003,2.0510055999999998e-05
25.60000000000003,2.4221160000000002e-05
25.70000000000003,2.8158115e-05
25.800000000000033,3.2301042e-05
25.900000000000034,3.6657256000000005e-05
26.000000000000036,4.1254022e-05
26.100000000000037,4.5991829e-05
26.20000000000004,5.090660299999999e-05
26.30000000000004,5.6003922e-05
26.40000000000004,6.1264241e-05
26.500000000000043,6.6748327e-05
26.600000000000044,7.233083899999999e-05
26.700000000000045,7.8077749e-05
26.800000000000047,8.397777e-05
26.90000000000005,9.004763299999999e-05
