Keithley 6487, temperature Room temp kOhm, IV-curve with average sweep from 23.5 V to 27 V, 10 points per voltage, LED UV 200 uA, voltage step 0.1 V
 Sweep settings: Start voltage: 23.5 V, end voltage:  27 V, sweep points: 35.0, current limit: 0.0025 A
 U/V, I/A, R/Ohm
23.5,3.5350090000000004e-08
23.6,3.7372055e-08
23.700000000000003,3.7841802e-08
23.800000000000004,3.6228318e-08
23.900000000000006,3.5554331e-08
24.000000000000007,3.688188e-08
24.10000000000001,3.5064157e-08
24.20000000000001,3.6595947e-08
24.30000000000001,3.3246430999999994e-08
24.400000000000013,3.7208661e-08
24.500000000000014,3.620789e-08
24.600000000000016,3.9496129e-08
24.700000000000017,4.789033699999999e-08
24.80000000000002,6.4576639e-08
24.90000000000002,8.681820800000002e-08
25.00000000000002,1.1310371e-07
25.100000000000023,1.4576148e-07
25.200000000000024,1.7919533e-07
25.300000000000026,2.1565191999999998e-07
25.400000000000027,2.5609119e-07
25.50000000000003,3.0049264e-07
25.60000000000003,3.4714073e-07
25.70000000000003,3.9566783999999994e-07
25.800000000000033,4.4742184e-07
25.900000000000034,4.995230999999999e-07
26.000000000000036,5.5793528e-07
26.100000000000037,6.207590900000001e-07
26.20000000000004,6.7864032e-07
26.30000000000004,7.432204799999999e-07
26.40000000000004,8.066161099999999e-07
26.500000000000043,8.757917799999999e-07
26.600000000000044,9.4562102e-07
26.700000000000045,1.011978e-06
26.800000000000047,1.0859328e-06
26.90000000000005,1.1604392e-06
