Keithley 6487, temperature Room temp kOhm, IV-curve with average sweep from 23.5 V to 27 V, 5 points per voltage, LED UV 50 uA, voltage step 0.1 V
 Sweep settings: Start voltage: 23.5 V, end voltage:  27 V, sweep points: 35.0, current limit: 0.0025 A
 U/V, I/A, R/Ohm
23.5,1.4395039999999999e-08
23.6,1.39456852e-08
23.700000000000003,1.48852464e-08
23.800000000000004,1.4313338400000001e-08
23.900000000000006,1.4762691399999999e-08
24.000000000000007,1.52120444e-08
24.10000000000001,1.4354189999999998e-08
24.20000000000001,1.1535511e-08
24.30000000000001,1.46401442e-08
24.400000000000013,1.1208711199999999e-08
24.500000000000014,1.4803544399999998e-08
24.600000000000016,3.3186185999999997e-08
24.700000000000017,7.2770124e-08
24.80000000000002,1.335145e-07
24.90000000000002,2.1292745999999999e-07
25.00000000000002,3.0369674000000003e-07
25.100000000000023,4.0929476e-07
25.200000000000024,5.3388796e-07
25.300000000000026,6.6926588e-07
25.400000000000027,8.1093444e-07
25.50000000000003,9.6563434e-07
25.60000000000003,1.1306693999999998e-06
25.70000000000003,1.297706e-06
25.800000000000033,1.4790814e-06
25.900000000000034,1.6599656e-06
26.000000000000036,1.8553528000000002e-06
26.100000000000037,2.0491456000000002e-06
26.20000000000004,2.2537238e-06
26.30000000000004,2.4629584e-06
26.40000000000004,2.675257e-06
26.500000000000043,2.900709e-06
26.600000000000044,3.1211369999999996e-06
26.700000000000045,3.3548412e-06
26.800000000000047,3.5822947999999998e-06
26.90000000000005,3.821635200000001e-06
